1,Kevin Durant (OKC),81,3119,731,1433,51.00%,139,334,41.60%,679,750,90.50%,46,594,640,374,116,105,280,143,2280,1.34,0.41,2462
2,Kobe Bryant (LAL),78,3013,738,1595,46.30%,132,407,32.40%,525,626,83.90%,66,367,433,469,106,25,287,173,2133,1.63,0.37,1921
3,LeBron James (MIA),76,2877,765,1354,56.50%,103,254,40.60%,403,535,75.30%,97,513,610,551,129,67,226,110,2036,2.44,0.57,2446
4,James Harden (HOU),78,2985,585,1337,43.80%,179,486,36.80%,674,792,85.10%,62,317,379,455,142,38,295,178,2023,1.54,0.48,1872
5,Carmelo Anthony (NYK),67,2482,669,1489,44.90%,157,414,37.90%,425,512,83.00%,134,326,460,171,52,32,175,205,1920,0.98,0.3,1553
6,Russell Westbrook (OKC),82,2861,673,1535,43.80%,97,300,32.30%,460,575,80.00%,111,317,428,607,145,24,273,189,1903,2.22,0.53,1857
7,Stephen Curry (GSW),78,2983,626,1388,45.10%,272,600,45.30%,262,291,90.00%,59,255,314,539,126,12,240,198,1786,2.25,0.53,1746
8,Monta Ellis (MIL),82,3076,597,1436,41.60%,94,328,28.70%,289,374,77.30%,45,271,316,496,169,36,254,164,1577,1.95,0.67,1416
9,Damian Lillard (POR),82,3167,553,1288,42.90%,185,503,36.80%,271,321,84.40%,42,215,257,531,74,19,243,172,1562,2.19,0.31,1415
10,LaMarcus Aldridge (POR),74,2790,638,1318,48.40%,2,14,14.30%,282,348,81.00%,175,495,670,192,62,91,143,187,1560,1.34,0.43,1686
11,DeMar DeRozan (TOR),82,3013,548,1231,44.50%,34,120,28.30%,355,427,83.10%,48,272,320,204,76,24,151,173,1485,1.35,0.5,1203
12,Deron Williams (BKN),78,2842,495,1124,44.00%,169,447,37.80%,317,369,85.90%,29,203,232,604,75,30,218,194,1476,2.77,0.34,1518
13,Dwyane Wade (MIA),69,2391,569,1093,52.10%,17,66,25.80%,308,425,72.50%,86,258,344,352,128,56,194,140,1463,1.81,0.66,1508
14,David Lee (GSW),79,2907,602,1160,51.90%,0,4,0.00%,255,320,79.70%,218,668,886,279,67,22,207,246,1459,1.35,0.32,1883
15,Kemba Walker (CHA),82,2859,526,1244,42.30%,107,332,32.20%,296,371,79.80%,60,223,283,471,160,31,200,153,1455,2.36,0.8,1407
16,J.R. Smith (NYK),80,2678,527,1249,42.20%,155,436,35.60%,237,311,76.20%,64,361,425,218,100,24,134,226,1446,1.63,0.75,1283
17,Blake Griffin (LAC),80,2598,577,1072,53.80%,5,28,17.90%,281,426,66.00%,186,476,662,299,97,50,185,231,1440,1.62,0.52,1723
18,Brook Lopez (BKN),74,2253,570,1094,52.10%,0,1,0.00%,297,392,75.80%,208,304,512,70,33,154,131,152,1437,0.53,0.25,1456
19,Paul Pierce (BOS),77,2575,476,1092,43.60%,145,382,38.00%,333,423,78.70%,45,442,487,370,84,30,214,210,1430,1.73,0.39,1481
20,Brandon Jennings (MIL),80,2897,497,1247,39.90%,173,461,37.50%,230,281,81.90%,59,187,246,521,125,10,203,155,1397,2.57,0.62,1295
21,Al Jefferson (UTA),78,2578,611,1236,49.40%,2,17,11.80%,167,217,77.00%,156,564,720,164,80,89,105,170,1391,1.56,0.76,1664
22,Jrue Holiday (PHI),78,2926,555,1288,43.10%,91,247,36.80%,182,242,75.20%,89,240,329,625,123,32,292,170,1383,2.14,0.42,1407
23,Paul George (IND),79,2972,493,1176,41.90%,170,469,36.20%,221,274,80.70%,88,515,603,327,143,51,233,227,1377,1.4,0.61,1532
24,Rudy Gay (TOR),75,2687,521,1253,41.60%,84,260,32.30%,240,295,81.40%,99,362,461,202,113,53,198,182,1366,1.02,0.57,1210
25,Klay Thompson (GSW),82,2936,508,1205,42.20%,211,526,40.10%,132,157,84.10%,32,274,306,183,86,45,157,237,1359,1.17,0.55,1100
26,Tony Parker (SAS),66,2174,519,995,52.20%,24,68,35.30%,279,330,84.50%,18,180,198,499,54,6,170,92,1341,2.94,0.32,1401
27,Josh Smith (ATL),76,2683,550,1182,46.50%,61,201,30.30%,166,321,51.70%,133,506,639,321,94,136,226,175,1327,1.42,0.42,1504
28,Kyrie Irving (CLE),59,2048,484,1070,45.20%,109,279,39.10%,248,290,85.50%,34,182,216,350,89,21,191,146,1325,1.83,0.47,1182
29,Ryan Anderson (NOH),81,2503,472,1115,42.30%,213,557,38.20%,152,180,84.40%,191,328,519,97,42,31,97,179,1309,1,0.43,1230
30,Greg Monroe (DET),81,2687,514,1058,48.60%,0,4,0.00%,270,392,68.90%,236,541,777,281,105,55,234,190,1298,1.2,0.45,1616
31,Dwight Howard (LAL),76,2722,470,813,57.80%,1,6,16.70%,355,721,49.20%,251,694,945,108,84,186,225,291,1296,0.48,0.37,1685
32,Al Horford (ATL),74,2756,576,1060,54.30%,3,6,50.00%,134,208,64.40%,195,562,757,240,78,78,147,163,1289,1.63,0.53,1737
33,Carlos Boozer (CHI),79,2546,544,1140,47.70%,0,2,0.00%,193,264,73.10%,175,596,771,179,66,28,176,239,1281,1.02,0.38,1482
34,DeMarcus Cousins (SAC),75,2289,482,1036,46.50%,4,22,18.20%,312,423,73.80%,222,524,746,199,108,55,225,269,1280,0.88,0.48,1498
35,Jamal Crawford (LAC),76,2230,445,1016,43.80%,149,396,37.60%,216,248,87.10%,22,106,128,193,79,13,146,71,1255,1.32,0.54,919
35,O.J. Mayo (DAL),82,2913,461,1026,44.90%,142,349,40.70%,191,233,82.00%,36,255,291,361,93,23,210,195,1255,1.72,0.44,1206
37,David West (IND),73,2435,502,1009,49.80%,4,19,21.10%,242,315,76.80%,145,418,563,213,74,69,157,149,1250,1.36,0.47,1432
38,Luol Deng (CHI),75,2903,466,1093,42.60%,75,233,32.20%,230,282,81.60%,162,314,476,222,81,32,144,105,1237,1.54,0.56,1225
39,Chris Bosh (MIA),74,2454,485,907,53.50%,21,74,28.40%,241,302,79.80%,131,370,501,123,66,101,128,168,1232,0.96,0.52,1412
40,Tim Duncan (SAS),69,2078,490,976,50.20%,2,7,28.60%,245,300,81.70%,124,562,686,184,50,183,147,117,1227,1.25,0.34,1642
41,Ty Lawson (DEN),73,2513,448,971,46.10%,85,232,36.60%,235,311,75.60%,36,162,198,501,107,8,182,135,1216,2.75,0.59,1249
42,Chris Paul (LAC),70,2335,412,856,48.10%,76,232,32.80%,286,323,88.50%,53,209,262,678,169,10,159,143,1186,4.26,1.06,1665
43,Chandler Parsons (HOU),76,2758,456,939,48.60%,152,395,38.50%,113,155,72.90%,79,325,404,269,75,32,147,148,1177,1.83,0.51,1285
44,Joe Johnson (BKN),72,2642,445,1052,42.30%,148,395,37.50%,132,161,82.00%,53,165,218,253,49,14,123,99,1170,2.06,0.4,945
45,Zach Randolph (MEM),76,2607,471,1024,46.00%,2,23,8.70%,225,300,75.00%,310,544,854,108,61,31,150,180,1169,0.72,0.41,1445
46,Mike Conley (MEM),80,2757,414,940,44.00%,106,293,36.20%,234,282,83.00%,43,182,225,487,174,24,189,171,1168,2.58,0.92,1315
47,Jeff Teague (ATL),80,2628,439,974,45.10%,89,248,35.90%,199,226,88.10%,25,155,180,579,117,28,230,181,1166,2.52,0.51,1278
48,Danilo Gallinari (DEN),71,2309,364,871,41.80%,135,362,37.30%,286,348,82.20%,65,302,367,176,64,36,111,130,1149,1.59,0.58,1112
49,Paul Millsap (UTA),78,2375,429,875,49.00%,13,39,33.30%,264,356,74.20%,177,377,554,201,102,80,138,232,1135,1.46,0.74,1396
50,Goran Dragic (PHX),77,2581,401,906,44.30%,88,276,31.90%,244,326,74.80%,60,178,238,569,124,26,212,214,1134,2.68,0.59,1292
51,Marc Gasol (MEM),80,2796,429,869,49.40%,1,14,7.10%,268,316,84.80%,184,438,622,318,80,139,157,255,1127,2.03,0.51,1641
51,Thaddeus Young (PHI),76,2629,509,958,53.10%,1,8,12.50%,108,188,57.40%,182,389,571,125,133,55,90,191,1127,1.39,1.48,1392
53,Isaiah Thomas (SAC),79,2122,366,832,44.00%,115,321,35.80%,253,287,88.20%,29,132,161,316,67,3,140,167,1100,2.26,0.48,1007
53,JJ Redick (MIL),78,2379,382,880,43.40%,165,451,36.60%,171,190,90.00%,17,154,171,296,38,9,138,117,1100,2.15,0.28,959
55,Jeremy Lin (HOU),82,2640,396,897,44.10%,87,257,33.90%,216,275,78.50%,32,215,247,497,134,29,236,205,1095,2.11,0.57,1206
56,Evan Turner (PHI),82,2892,441,1053,41.90%,58,159,36.50%,154,208,74.00%,56,461,517,354,71,17,187,197,1094,1.89,0.38,1200
57,Vince Carter (DAL),81,2093,372,855,43.50%,162,399,40.60%,182,223,81.60%,58,276,334,194,74,44,106,226,1088,1.83,0.7,1104
58,Greivis Vasquez (NOH),78,2685,438,1012,43.30%,83,243,34.20%,124,154,80.50%,43,294,337,704,66,6,247,190,1083,2.85,0.27,1345
59,Kevin Martin (OKC),77,2136,350,778,45.00%,158,371,42.60%,219,246,89.00%,31,147,178,106,72,8,101,138,1077,1.05,0.71,885
60,George Hill (IND),76,2620,386,871,44.30%,130,353,36.80%,174,213,81.70%,47,237,284,355,81,26,116,134,1076,3.06,0.7,1182
61,Nate Robinson (CHI),82,2086,399,921,43.30%,141,348,40.50%,135,169,79.90%,29,155,184,358,85,10,144,207,1074,2.49,0.59,1011
62,Arron Afflalo (ORL),64,2307,397,905,43.90%,72,240,30.00%,191,223,85.70%,29,210,239,206,40,11,138,137,1057,1.49,0.29,875
63,Gerald Henderson (CHA),68,2133,382,855,44.70%,33,100,33.00%,258,313,82.40%,55,195,250,177,68,34,108,149,1055,1.64,0.63,948
63,Serge Ibaka (OKC),80,2486,446,778,57.30%,20,57,35.10%,143,191,74.90%,222,395,617,43,28,242,125,213,1055,0.34,0.22,1480
65,Luis Scola (PHX),82,2184,432,915,47.20%,3,16,18.80%,181,230,78.70%,158,383,541,182,67,35,126,257,1048,1.44,0.53,1215
66,Nicolas Batum (POR),73,2807,352,833,42.30%,165,444,37.20%,178,210,84.80%,97,315,412,360,91,83,190,139,1047,1.9,0.48,1290
67,Andre Iguodala (DEN),80,2779,396,879,45.10%,91,287,31.70%,155,270,57.40%,82,341,423,433,139,52,206,127,1038,2.1,0.68,1281
68,Jeff Green (BOS),81,2252,376,806,46.70%,70,182,38.50%,214,265,80.80%,55,263,318,128,56,68,132,175,1036,0.97,0.42,993
69,Jarrett Jack (GSW),79,2349,387,857,45.20%,82,203,40.40%,167,198,84.30%,21,222,243,439,60,11,157,134,1023,2.8,0.38,1118
70,Wesley Matthews (POR),69,2403,352,808,43.60%,169,425,39.80%,149,187,79.70%,35,156,191,174,90,18,109,172,1022,1.6,0.83,892
71,JJ Hickson (POR),80,2323,418,744,56.20%,0,2,0.00%,182,268,67.90%,266,562,828,88,48,51,145,160,1018,0.61,0.33,1476
72,Gordon Hayward (UTA),72,2104,336,773,43.50%,102,246,41.50%,243,294,82.70%,51,174,225,213,58,38,120,125,1017,1.78,0.48,943
73,Nikola Pekovic (MIN),62,1959,385,741,52.00%,0,0,0.00%,241,324,74.40%,230,315,545,53,43,50,101,143,1011,0.53,0.43,1162
74,Nikola Vucevic (ORL),77,2559,461,889,51.90%,0,3,0.00%,86,126,68.30%,273,644,917,143,61,79,141,218,1008,1.01,0.43,1599
75,Kevin Garnett (BOS),68,2022,422,850,49.60%,2,16,12.50%,158,201,78.60%,75,455,530,159,78,62,110,154,1004,1.45,0.71,1252
76,Brandon Knight (DET),75,2365,357,878,40.70%,120,327,36.70%,165,225,73.30%,54,193,247,303,58,8,205,157,999,1.48,0.28,829
77,Corey Brewer (DEN),82,2003,375,883,42.50%,91,307,29.60%,149,216,69.00%,55,180,235,124,118,23,102,154,990,1.22,1.16,813
78,Tyreke Evans (SAC),65,2016,366,765,47.80%,45,133,33.80%,210,271,77.50%,56,231,287,229,90,27,128,133,987,1.79,0.7,1032
79,Darren Collison (DAL),81,2372,341,724,47.10%,48,136,35.30%,242,275,88.00%,31,188,219,415,100,8,173,139,972,2.4,0.58,1125
80,Ersan Ilyasova (MIL),73,2012,371,803,46.20%,95,214,44.40%,125,157,79.60%,154,366,520,117,68,36,75,185,962,1.56,0.91,1164
81,Tristan Thompson (CLE),82,2564,390,799,48.80%,0,3,0.00%,177,291,60.80%,306,467,773,108,60,71,123,234,957,0.88,0.49,1323
82,Raymond Felton (NYK),68,2313,377,882,42.70%,93,258,36.00%,101,128,78.90%,51,143,194,372,94,14,155,130,948,2.4,0.61,935
83,Luke Ridnour (MIN),82,2474,367,811,45.30%,66,212,31.10%,139,164,84.80%,41,165,206,311,82,15,130,187,939,2.39,0.63,954
84,Roy Hibbert (IND),79,2269,385,859,44.80%,1,4,25.00%,166,224,74.10%,296,360,656,113,39,206,162,279,937,0.7,0.24,1257
85,Derrick Williams (MIN),78,1916,338,786,43.00%,65,196,33.20%,192,272,70.60%,96,334,430,46,44,37,101,127,933,0.46,0.44,861
86,Metta World Peace (LAL),75,2530,332,824,40.30%,141,412,34.20%,124,169,73.40%,101,271,372,112,122,42,98,198,929,1.14,1.25,942
86,Robin Lopez (NOH),82,2136,384,719,53.40%,0,0,0.00%,161,207,77.80%,226,236,462,64,32,128,110,167,929,0.58,0.29,1124
88,Kenneth Faried (DEN),80,2248,380,689,55.20%,0,0,0.00%,163,266,61.30%,260,474,734,77,81,83,113,234,923,0.68,0.72,1373
89,Dirk Nowitzki (DAL),53,1661,343,728,47.10%,65,157,41.40%,166,193,86.00%,37,326,363,132,38,37,70,93,917,1.89,0.54,1005
90,Marcus Thornton (SAC),72,1726,332,774,42.90%,141,379,37.20%,111,126,88.10%,50,131,181,91,61,4,68,105,916,1.34,0.9,728
91,John Wall (WAS),49,1602,324,735,44.10%,12,45,26.70%,246,306,80.40%,35,161,196,373,65,37,157,117,906,2.38,0.41,949
92,Spencer Hawes (PHI),82,2233,376,811,46.40%,31,87,35.60%,122,157,77.70%,173,417,590,183,24,113,131,233,905,1.4,0.18,1214
93,Dion Waiters (CLE),61,1756,336,815,41.20%,63,203,31.00%,159,213,74.60%,22,127,149,183,59,16,121,113,894,1.51,0.49,647
94,Jason Thompson (SAC),82,2285,374,745,50.20%,0,3,0.00%,143,206,69.40%,172,377,549,84,48,61,101,227,891,0.83,0.48,1098
95,Randy Foye (UTA),82,2249,293,738,39.70%,178,434,41.00%,118,144,81.90%,17,110,127,167,66,27,92,190,882,1.82,0.72,706
96,Ramon Sessions (CHA),61,1652,276,676,40.80%,33,107,30.80%,291,347,83.90%,27,142,169,230,48,7,104,91,876,2.21,0.46,770
96,Rodney Stuckey (DET),76,2171,304,748,40.60%,55,182,30.20%,213,272,78.30%,43,169,212,270,51,17,134,127,876,2.02,0.38,789
98,Carl Landry (GSW),81,1876,325,602,54.00%,1,3,33.30%,223,273,81.70%,180,303,483,65,35,31,115,190,874,0.57,0.3,1046
99,Martell Webster (WAS),76,2200,281,636,44.20%,139,329,42.20%,168,198,84.80%,53,241,294,143,49,17,90,166,869,1.59,0.54,897
100,Anthony Davis (NOH),64,1846,349,676,51.60%,0,6,0.00%,169,225,75.10%,165,357,522,63,75,112,89,158,867,0.71,0.84,1167
101,Ray Allen (MIA),79,2035,292,651,44.90%,139,332,41.90%,140,158,88.60%,40,177,217,135,67,15,103,129,863,1.31,0.65,817
102,Jared Dudley (PHX),79,2170,313,669,46.80%,106,271,39.10%,129,162,79.60%,79,166,245,203,75,8,101,128,861,2.01,0.74,902
103,Tayshaun Prince (MEM),82,2632,359,820,43.80%,38,94,40.40%,96,130,73.80%,72,292,364,196,48,25,89,86,852,2.2,0.54,901
104,Andray Blatche (BKN),82,1555,346,676,51.20%,3,22,13.60%,148,216,68.50%,161,256,417,85,86,54,123,163,843,0.69,0.7,964
105,Alonzo Gee (CLE),82,2541,305,744,41.00%,69,219,31.50%,163,205,79.50%,75,245,320,133,107,29,132,199,842,1.01,0.81,818
106,Ben Gordon (CHA),75,1560,310,760,40.80%,113,292,38.70%,107,127,84.30%,18,112,130,141,35,16,136,134,840,1.04,0.26,556
107,Danny Green (SAS),80,2201,297,663,44.80%,177,413,42.90%,67,79,84.80%,36,208,244,141,92,54,94,124,838,1.5,0.98,897
107,Tiago Splitter (SAS),81,1997,315,563,56.00%,0,2,0.00%,208,285,73.00%,144,371,515,130,63,64,100,161,838,1.3,0.63,1185
109,Jose Juan Barea (MIN),74,1713,316,758,41.70%,97,280,34.60%,105,134,78.40%,34,173,207,294,32,0,145,131,834,2.03,0.22,751
110,Omer Asik (HOU),82,2464,332,614,54.10%,0,1,0.00%,168,299,56.20%,275,681,956,75,46,87,173,223,832,0.43,0.27,1410
111,Jose Calderon (DET),73,2159,312,635,49.10%,130,282,46.10%,72,80,90.00%,20,156,176,518,58,8,126,99,826,4.11,0.46,1129
112,Jameer Nelson (ORL),56,1977,306,780,39.20%,121,355,34.10%,89,102,87.30%,23,186,209,413,71,6,154,161,822,2.68,0.46,880
112,Matt Barnes (LAC),80,2058,312,675,46.20%,111,325,34.20%,87,117,74.40%,111,255,366,123,82,63,90,233,822,1.37,0.91,973
114,Jordan Crawford (BOS),70,1709,301,725,41.50%,83,246,33.70%,129,159,81.10%,44,165,209,225,39,7,141,106,814,1.6,0.28,699
115,Amir Johnson (TOR),81,2325,336,606,55.40%,5,13,38.50%,136,187,72.70%,227,384,611,122,81,110,117,301,813,1.04,0.69,1299
115,Caron Butler (LAC),78,1879,305,720,42.40%,128,330,38.80%,75,90,83.30%,41,182,223,78,51,11,72,139,813,1.08,0.71,674
117,Shawn Marion (DAL),67,2010,355,690,51.40%,23,73,31.50%,79,101,78.20%,146,379,525,163,75,47,103,111,812,1.58,0.73,1162
118,Kyle Korver (ATL),74,2259,277,601,46.10%,189,414,45.70%,67,78,85.90%,23,270,293,146,70,37,70,170,810,2.09,1,951
119,Jason Terry (BOS),79,2124,281,648,43.40%,123,331,37.20%,114,131,87.00%,19,140,159,198,66,11,102,110,799,1.94,0.65,747
120,Andrei Kirilenko (MIN),64,2034,284,560,50.70%,35,120,29.20%,188,250,75.20%,102,260,362,177,96,62,119,82,791,1.49,0.81,1031
120,Kyle Lowry (TOR),68,2020,250,623,40.10%,101,279,36.20%,190,239,79.50%,56,265,321,435,94,24,157,218,791,2.77,0.6,1086
122,Andre Miller (DEN),82,2151,303,632,47.90%,17,64,26.60%,163,194,84.00%,60,178,238,484,73,11,172,159,786,2.81,0.42,1060
123,Mike Dunleavy (MIL),75,1943,276,624,44.20%,128,299,42.80%,105,128,82.00%,31,260,291,145,39,35,90,135,785,1.61,0.43,834
124,Joakim Noah (CHI),66,2426,303,630,48.10%,0,5,0.00%,178,237,75.10%,260,473,733,262,78,141,176,185,784,1.49,0.44,1436
125,Bradley Beal (WAS),56,1745,282,687,41.00%,91,236,38.60%,125,159,78.60%,43,168,211,137,50,29,90,113,780,1.52,0.56,678
126,Nene (WAS),61,1659,285,594,48.00%,0,1,0.00%,196,269,72.90%,101,306,407,177,55,37,139,171,766,1.27,0.4,921
127,Emeka Okafor (WAS),79,2052,328,687,47.70%,0,0,0.00%,109,191,57.10%,199,493,692,93,45,77,107,145,765,0.87,0.42,1124
128,Michael Beasley (PHX),75,1554,310,766,40.50%,45,144,31.30%,94,126,74.60%,52,230,282,111,31,34,144,107,759,0.77,0.22,585
129,Harrison Barnes (GSW),81,2058,276,628,43.90%,52,145,35.90%,144,190,75.80%,53,280,333,98,52,14,101,140,748,0.97,0.52,746
130,Patrick Patterson (SAC),71,1775,319,623,51.20%,51,132,38.60%,48,63,76.20%,113,224,337,81,31,40,61,138,737,1.33,0.51,846
131,CJ Miles (CLE),65,1364,255,614,41.50%,126,328,38.40%,93,107,86.90%,24,150,174,63,49,17,69,138,729,0.91,0.71,590
131,Dorell Wright (PHI),79,1783,237,599,39.60%,135,361,37.40%,120,141,85.10%,42,260,302,150,62,35,64,98,729,2.34,0.97,831
133,Derrick Favors (UTA),77,1787,274,568,48.20%,0,5,0.00%,179,260,68.80%,184,362,546,75,67,130,129,247,727,0.58,0.52,1041
134,DeAndre Jordan (LAC),82,2010,314,488,64.30%,0,0,0.00%,96,249,38.60%,210,384,594,28,48,112,100,192,724,0.28,0.48,1079
135,Kevin Seraphin (WAS),79,1721,330,716,46.10%,0,0,0.00%,61,88,69.30%,107,239,346,57,24,59,130,211,721,0.44,0.19,664
136,Kyle Singler (DET),82,2293,275,642,42.80%,70,200,35.00%,100,124,80.60%,109,221,330,77,57,37,98,217,720,0.79,0.58,732
137,JaVale McGee (DEN),79,1433,303,527,57.50%,1,1,100.00%,110,186,59.10%,158,223,381,24,30,157,90,184,717,0.27,0.33,919
138,Eric Gordon (NOH),42,1264,235,584,40.20%,56,173,32.40%,187,222,84.20%,10,67,77,137,45,8,117,75,713,1.17,0.39,479
139,Antawn Jamison (LAL),76,1636,267,575,46.40%,84,233,36.10%,94,136,69.10%,109,253,362,50,30,22,53,124,712,0.94,0.57,773
140,Carlos Delfino (HOU),67,1689,251,620,40.50%,158,421,37.50%,48,56,85.70%,18,202,220,135,68,9,72,114,708,1.88,0.94,691
141,Jimmy Butler (CHI),82,2134,239,512,46.70%,40,105,38.10%,187,233,80.30%,136,192,328,115,78,31,62,97,705,1.86,1.26,876
141,Manu Ginobili (SAS),60,1393,229,539,42.50%,83,235,35.30%,164,206,79.60%,30,171,201,274,80,13,132,114,705,2.08,0.61,789
141,Tony Allen (MEM),79,2109,284,638,44.50%,3,24,12.50%,134,187,71.70%,121,242,363,98,119,44,94,211,705,1.04,1.27,828
144,Michael Kidd-Gilchrist (CHA),78,2025,281,613,45.80%,2,9,22.20%,140,187,74.90%,131,324,455,117,54,70,101,164,704,1.16,0.54,920
145,Marco Belinelli (CHI),73,1882,241,610,39.50%,79,221,35.70%,141,168,83.90%,13,127,140,148,44,6,82,140,702,1.81,0.54,562
146,Brandon Bass (BOS),81,2239,286,589,48.60%,0,2,0.00%,129,150,86.00%,129,296,425,84,44,64,80,188,701,1.05,0.55,914
147,Larry Sanders (MIL),71,1937,306,605,50.60%,0,2,0.00%,84,136,61.80%,224,448,672,83,53,201,87,233,696,0.95,0.61,1267
148,Dante Cunningham (MIN),80,2010,314,671,46.80%,0,6,0.00%,67,103,65.00%,142,266,408,67,84,38,56,153,695,1.2,1.5,843
149,Alan Anderson (TOR),65,1495,236,616,38.30%,95,285,33.30%,126,147,85.70%,34,114,148,103,48,7,80,131,693,1.29,0.6,518
149,Chris Kaman (DAL),66,1363,313,617,50.70%,0,1,0.00%,67,85,78.80%,97,275,372,51,29,52,103,141,693,0.5,0.28,772
149,Jerryd Bayless (MEM),80,1765,260,621,41.90%,71,201,35.30%,102,122,83.60%,22,154,176,264,59,17,120,168,693,2.2,0.49,708
152,Kawhi Leonard (SAS),58,1810,260,526,49.40%,65,174,37.40%,104,126,82.50%,63,283,346,93,97,32,62,99,689,1.5,1.57,907
152,Tyson Chandler (NYK),66,2164,255,400,63.70%,0,0,0.00%,179,258,69.40%,269,434,703,62,42,75,87,188,689,0.71,0.48,1260
154,Lance Stephenson (IND),78,2278,275,598,46.00%,62,188,33.00%,75,115,65.20%,47,257,304,223,81,16,109,162,687,2.05,0.74,839
155,Marcin Gortat (PHX),61,1876,295,566,52.10%,0,3,0.00%,90,138,65.20%,128,388,516,75,40,98,99,127,680,0.76,0.4,991
156,Pau Gasol (LAL),49,1655,270,579,46.60%,8,28,28.60%,125,178,70.20%,111,310,421,200,24,61,104,93,673,1.92,0.23,913
157,John Salmons (SAC),76,2278,244,612,39.90%,99,267,37.10%,85,110,77.30%,33,174,207,226,51,25,85,143,672,2.66,0.6,703
158,Markieff Morris (PHX),82,1837,266,653,40.70%,45,134,33.60%,93,127,73.20%,131,265,396,108,77,64,104,209,670,1.04,0.74,790
159,Mario Chalmers (MIA),77,2068,227,529,42.90%,123,301,40.90%,89,112,79.50%,19,152,171,273,118,12,119,196,666,2.29,0.99,796
160,Alexey Shved (MIN),77,1840,236,635,37.20%,85,288,29.50%,108,150,72.00%,41,134,175,286,54,27,147,117,665,1.95,0.37,619
161,Marreese Speights (CLE),79,1300,260,584,44.50%,3,10,30.00%,135,175,77.10%,146,240,386,47,24,53,80,175,658,0.59,0.3,724
162,Kosta Koufos (DEN),81,1817,295,508,58.10%,0,1,0.00%,58,104,55.80%,211,351,562,32,44,103,53,246,648,0.6,0.83,1077
163,Gary Neal (SAS),68,1484,246,597,41.20%,89,251,35.50%,64,74,86.50%,13,130,143,129,30,2,69,93,645,1.87,0.44,519
164,Eric Bledsoe (LAC),76,1553,253,568,44.50%,31,78,39.70%,106,134,79.10%,78,147,225,233,109,55,137,112,643,1.7,0.8,785
165,Steve Nash (LAL),50,1627,236,475,49.70%,57,130,43.80%,107,116,92.20%,26,116,142,333,30,5,126,70,636,2.64,0.24,772
165,Will Bynum (DET),65,1219,253,540,46.90%,24,76,31.60%,106,131,80.90%,28,69,97,231,45,5,125,128,636,1.85,0.36,577
167,Nick Young (PHI),59,1411,224,542,41.30%,75,210,35.70%,105,128,82.00%,24,106,130,84,36,14,50,84,628,1.68,0.72,501
168,Maurice Harkless (ORL),76,1974,260,564,46.10%,32,117,27.40%,73,128,57.00%,122,213,335,50,88,62,69,144,625,0.73,1.28,732
169,Ed Davis (MEM),81,1631,260,482,53.90%,0,0,0.00%,103,167,61.70%,152,308,460,63,38,85,63,191,623,1,0.6,920
170,Jodie Meeks (LAL),78,1663,205,530,38.70%,122,342,35.70%,86,96,89.60%,37,134,171,69,58,5,52,103,618,1.33,1.12,534
171,Shannon Brown (PHX),59,1402,240,571,42.00%,39,141,27.70%,98,125,78.40%,44,105,149,108,59,15,74,92,617,1.46,0.8,516
172,Wayne Ellington (CLE),78,1661,226,529,42.70%,94,240,39.20%,68,75,90.70%,25,141,166,104,45,3,57,81,614,1.83,0.79,565
173,Thabo Sefolosha (OKC),81,2229,224,466,48.10%,108,258,41.90%,57,69,82.60%,58,259,317,125,103,44,64,177,613,1.95,1.61,884
174,Courtney Lee (BOS),78,1941,246,530,46.40%,58,156,37.20%,62,72,86.10%,31,159,190,143,89,21,84,139,612,1.7,1.06,677
175,Tyler Zeller (CLE),77,2033,245,559,43.80%,0,4,0.00%,120,157,76.40%,159,279,438,96,35,70,95,251,610,1.01,0.37,803
176,Ricky Rubio (MIN),57,1691,185,514,36.00%,27,92,29.30%,211,264,79.90%,44,185,229,418,137,5,172,143,608,2.43,0.8,843
177,Tobias Harris (ORL),55,1299,233,512,45.50%,34,108,31.50%,103,137,75.20%,73,214,287,69,32,44,66,120,603,1.05,0.49,656
178,Marcus Morris (PHX),77,1524,222,526,42.20%,86,233,36.90%,66,117,56.40%,80,197,277,62,45,20,77,160,596,0.81,0.58,568
179,Mo Williams (UTA),46,1418,229,533,43.00%,59,154,38.30%,75,85,88.20%,24,86,110,285,46,9,125,105,592,2.28,0.37,603
180,E'Twaun Moore (ORL),75,1682,237,598,39.60%,67,197,34.00%,47,59,79.70%,48,119,167,206,51,23,105,122,588,1.96,0.49,557
181,Andrew Nicholson (ORL),75,1249,256,486,52.70%,0,0,0.00%,75,94,79.80%,69,189,258,44,24,32,79,133,587,0.56,0.3,617
182,Devin Harris (ATL),58,1421,194,443,43.80%,77,230,33.50%,112,154,72.70%,6,110,116,197,64,13,88,103,577,2.24,0.73,588
183,Tyler Hansbrough (IND),81,1366,176,407,43.20%,0,3,0.00%,216,300,72.00%,161,212,373,36,29,18,78,152,568,0.46,0.37,631
184,Byron Mullens (CHA),53,1428,217,563,38.50%,66,208,31.70%,64,99,64.60%,71,266,337,81,34,32,74,110,564,1.1,0.46,593
185,Wilson Chandler (DEN),43,1079,210,455,46.20%,52,126,41.30%,88,111,79.30%,45,173,218,58,45,12,60,119,560,0.97,0.75,565
186,Al-Farouq Aminu (NOH),76,2066,225,474,47.50%,4,19,21.10%,101,137,73.70%,139,446,585,103,92,51,116,153,555,0.89,0.79,985
186,Brian Roberts (NOH),78,1324,213,511,41.70%,59,153,38.60%,70,77,90.90%,17,80,97,219,37,3,71,108,555,3.09,0.52,535
188,Jonas Valanciunas (TOR),62,1482,204,366,55.70%,0,0,0.00%,146,185,78.90%,121,251,372,45,17,78,94,188,554,0.48,0.18,771
189,Louis Williams (ATL),39,1119,187,443,42.20%,72,196,36.70%,105,121,86.80%,8,72,80,139,44,10,74,55,551,1.88,0.6,478
190,CJ Watson (BKN),80,1521,192,459,41.80%,88,214,41.10%,71,91,78.00%,38,107,145,161,66,12,69,123,543,2.33,0.96,571
191,Brandan Wright (DAL),64,1149,241,404,59.70%,0,3,0.00%,59,96,61.50%,85,175,260,38,26,76,34,78,541,1.12,0.77,707
192,Beno Udrih (ORL),66,1457,210,476,44.10%,34,102,33.30%,84,103,81.60%,34,107,141,302,41,3,108,90,538,2.8,0.38,632
193,Steve Novak (NYK),81,1641,178,430,41.40%,149,351,42.50%,30,33,90.90%,17,135,152,35,28,8,12,97,535,2.92,2.33,491
194,Toney Douglas (SAC),71,1288,188,466,40.30%,82,216,38.00%,76,84,90.50%,34,104,138,151,71,3,81,145,534,1.86,0.88,530
195,Gerald Wallace (BKN),69,2076,182,458,39.70%,46,163,28.20%,121,190,63.70%,69,250,319,181,97,46,110,118,531,1.65,0.88,719
196,Trevor Ariza (WAS),56,1471,188,451,41.70%,76,209,36.40%,78,95,82.10%,44,222,266,113,72,20,84,72,530,1.35,0.86,637
197,Marvin Williams (UTA),73,1727,199,470,42.30%,54,166,32.50%,77,99,77.80%,55,208,263,77,37,38,60,98,529,1.28,0.62,591
198,Rajon Rondo (BOS),38,1423,225,465,48.40%,12,50,24.00%,60,93,64.50%,43,169,212,420,70,9,148,96,522,2.84,0.47,812
199,Elton Brand (DAL),72,1527,226,478,47.30%,0,1,0.00%,66,93,71.00%,130,300,430,70,50,90,57,192,518,1.23,0.88,822
200,Taj Gibson (CHI),65,1459,214,441,48.50%,0,4,0.00%,89,131,67.90%,125,220,345,61,27,90,76,166,517,0.8,0.36,695
201,Glen Davis (ORL),34,1064,214,478,44.80%,0,2,0.00%,84,117,71.80%,55,191,246,70,32,21,64,88,512,1.09,0.5,520
202,Enes Kanter (UTA),70,1078,206,379,54.40%,1,1,100.00%,93,117,79.50%,135,169,304,31,28,32,101,116,506,0.31,0.28,603
202,PJ Tucker (PHX),79,1910,210,444,47.30%,22,70,31.40%,64,86,74.40%,132,218,350,109,62,19,67,145,506,1.63,0.93,723
204,Jason Maxiell (DET),72,1789,204,457,44.60%,0,0,0.00%,90,145,62.10%,135,274,409,54,32,95,81,172,498,0.67,0.4,699
205,Jimmer Fredette (SAC),69,967,172,409,42.10%,65,156,41.70%,85,99,85.90%,19,52,71,92,31,3,68,64,494,1.35,0.46,372
206,Richard Hamilton (CHI),50,1088,204,475,42.90%,16,52,30.80%,66,77,85.70%,16,67,83,119,24,5,84,93,490,1.42,0.29,355
207,Chris Copeland (NYK),56,862,182,380,47.90%,59,140,42.10%,63,83,75.90%,34,85,119,27,16,12,50,104,486,0.54,0.32,392
208,Andre Drummond (DET),60,1243,208,342,60.80%,1,2,50.00%,59,159,37.10%,169,288,457,30,59,95,57,144,476,0.53,1.04,826
209,Jeff Taylor (CHA),77,1507,172,399,43.10%,53,154,34.40%,75,103,72.80%,51,99,150,63,47,15,48,136,472,1.31,0.98,444
209,Shane Battier (MIA),72,1786,152,362,42.00%,136,316,43.00%,32,38,84.20%,37,128,165,72,41,55,34,149,472,2.12,1.21,555
211,Charlie Villanueva (DET),69,1092,175,464,37.70%,90,259,34.70%,27,49,55.10%,49,192,241,54,31,39,39,96,467,1.39,0.8,482
211,Terrence Ross (TOR),73,1239,186,457,40.70%,65,196,33.20%,30,42,71.40%,35,109,144,53,43,14,48,122,467,1.1,0.9,390
213,Avery Bradley (BOS),50,1435,192,478,40.20%,40,126,31.70%,37,49,75.50%,30,81,111,104,64,19,72,129,461,1.44,0.89,389
214,Kirk Hinrich (CHI),60,1764,159,422,37.70%,71,182,39.00%,70,98,71.40%,16,142,158,314,63,25,99,192,459,3.17,0.64,629
215,Jason Kidd (NYK),76,2043,152,409,37.20%,114,325,35.10%,40,48,83.30%,50,273,323,249,125,25,76,125,458,3.28,1.65,839
216,Lavoy Allen (PHI),79,1669,206,454,45.40%,0,1,0.00%,43,60,71.70%,159,236,395,73,24,55,55,180,455,1.33,0.44,682
217,Jermaine O'Neal (PHX),55,1029,179,371,48.20%,0,0,0.00%,96,115,83.50%,82,211,293,42,19,78,73,126,454,0.58,0.26,602
218,Ivan Johnson (ATL),69,1035,185,356,52.00%,1,13,7.70%,81,131,61.80%,76,190,266,46,56,14,71,131,452,0.65,0.79,542
219,Alec Burks (UTA),64,1137,163,388,42.00%,33,92,35.90%,92,129,71.30%,37,108,145,92,35,13,74,114,451,1.24,0.47,400
220,Willie Green (LAC),72,1188,178,386,46.10%,71,166,42.80%,23,32,71.90%,17,80,97,55,29,12,31,96,450,1.77,0.94,395
221,Norris Cole (MIA),80,1590,179,425,42.10%,35,98,35.70%,52,80,65.00%,18,112,130,164,57,7,104,155,445,1.58,0.55,425
222,Andrea Bargnani (TOR),35,1003,170,426,39.90%,38,123,30.90%,65,77,84.40%,26,102,128,38,21,23,54,64,443,0.7,0.39,331
223,A.J. Price (WAS),57,1278,161,413,39.00%,70,200,35.00%,49,62,79.00%,20,94,114,205,33,3,64,73,441,3.2,0.52,467
224,Boris Diaw (SAS),75,1709,179,332,53.90%,30,78,38.50%,47,65,72.30%,66,188,254,180,52,27,84,143,435,2.14,0.62,693
225,Earl Clark (LAL),59,1363,170,386,44.00%,35,104,33.70%,53,76,69.70%,82,243,325,65,36,44,62,102,428,1.05,0.58,597
226,Gerald Green (IND),60,1080,155,424,36.60%,59,188,31.40%,52,65,80.00%,31,110,141,50,19,23,53,64,421,0.94,0.36,319
226,Greg Smith (HOU),70,1110,170,274,62.00%,0,1,0.00%,81,130,62.30%,111,210,321,25,18,40,41,175,421,0.61,0.44,631
228,Jason Smith (NOH),51,876,167,341,49.00%,0,4,0.00%,86,102,84.30%,64,122,186,34,15,45,55,123,420,0.62,0.27,455
229,Shaun Livingston (CLE),66,1455,166,346,48.00%,0,4,0.00%,85,98,86.70%,31,127,158,215,48,31,76,127,417,2.83,0.63,600
230,Amar'e Stoudemire (NYK),29,682,154,267,57.70%,0,0,0.00%,105,130,80.80%,60,85,145,13,10,21,50,89,413,0.26,0.2,414
231,Nick Collison (OKC),81,1583,176,296,59.50%,0,4,0.00%,60,78,76.90%,123,210,333,121,51,30,69,197,412,1.75,0.74,740
232,Ian Mahinmi (IND),80,1322,149,329,45.30%,0,2,0.00%,104,171,60.80%,115,196,311,27,39,66,92,201,402,0.29,0.42,506
233,Josh McRoberts (CHA),67,1487,156,343,45.50%,24,84,28.60%,65,85,76.50%,93,232,325,141,32,27,66,131,401,2.14,0.49,653
234,Wesley Johnson (PHX),50,953,161,396,40.70%,50,155,32.30%,27,35,77.10%,21,102,123,34,22,18,48,56,399,0.71,0.46,305
235,MarShon Brooks (BKN),73,912,155,335,46.30%,15,55,27.30%,69,94,73.40%,32,72,104,76,34,16,69,93,394,1.1,0.49,350
236,DeMarre Carroll (UTA),66,1111,149,324,46.00%,20,70,28.60%,75,98,76.50%,87,101,188,61,58,24,34,119,393,1.79,1.71,492
237,Jae Crowder (DAL),78,1353,141,367,38.40%,63,192,32.80%,47,73,64.40%,35,152,187,94,63,17,49,128,392,1.92,1.29,452
238,Damien Wilkins (PHI),61,1095,145,316,45.90%,17,51,33.30%,81,109,74.30%,32,73,105,91,37,18,49,98,388,1.86,0.76,391
239,Luc Mbah a Moute (MIL),58,1326,151,377,40.10%,13,37,35.10%,72,126,57.10%,89,167,256,55,42,14,70,82,387,0.79,0.6,404
240,Bismack Biyombo (CHA),80,2186,156,346,45.10%,0,0,0.00%,74,142,52.10%,194,388,582,35,28,143,82,195,386,0.43,0.34,834
241,John Henson (MIL),63,827,162,336,48.20%,0,3,0.00%,56,105,53.30%,116,181,297,31,19,42,47,83,380,0.66,0.4,499
242,Austin Rivers (NOH),61,1418,145,390,37.20%,28,86,32.60%,59,108,54.60%,16,93,109,127,26,9,74,122,377,1.72,0.35,280
242,Jonas Jerebko (DET),49,892,142,316,44.90%,25,83,30.10%,68,88,77.30%,68,117,185,43,38,8,42,90,377,1.02,0.91,415
242,Meyers Leonard (POR),69,1206,151,277,54.50%,3,7,42.90%,72,89,80.90%,80,175,255,33,11,38,49,168,377,0.67,0.22,522
245,Aaron Brooks (HOU),53,997,143,316,45.30%,50,134,37.30%,40,52,76.90%,13,67,80,114,30,10,67,94,376,1.7,0.45,358
246,Kris Humphries (BKN),65,1191,139,310,44.80%,0,2,0.00%,97,123,78.90%,126,239,365,32,16,33,57,127,375,0.56,0.28,567
246,Quincy Pondexter (MEM),59,1243,128,299,42.80%,60,152,39.50%,59,75,78.70%,43,89,132,61,35,6,42,95,375,1.45,0.83,380
248,John Jenkins (ATL),61,902,131,294,44.60%,53,138,38.40%,59,70,84.30%,17,77,94,56,12,10,40,37,374,1.4,0.3,332
248,Reggie Jackson (OKC),70,993,149,325,45.80%,24,104,23.10%,52,62,83.90%,21,145,166,122,29,13,53,84,374,2.3,0.55,465
250,Roger Mason Jr. (NOH),69,1219,132,305,43.30%,66,159,41.50%,39,43,90.70%,11,121,132,74,26,11,51,104,369,1.45,0.51,384
251,Reggie Evans (BKN),80,1967,125,261,47.90%,0,0,0.00%,113,222,50.90%,260,628,888,43,74,13,111,199,363,0.39,0.67,1025
252,Darrell Arthur (MEM),59,970,162,359,45.10%,5,18,27.80%,33,46,71.70%,68,101,169,33,24,33,43,126,362,0.77,0.56,368
253,D.J. Augustin (IND),76,1226,103,294,35.00%,67,190,35.30%,83,99,83.80%,20,71,91,170,34,3,68,64,356,2.5,0.5,379
254,Anderson Varejao (CLE),25,901,138,289,47.80%,0,5,0.00%,77,102,75.50%,138,223,361,84,37,14,44,68,353,1.91,0.84,629
255,Jason Richardson (PHI),33,936,135,336,40.20%,57,167,34.10%,20,33,60.60%,19,108,127,51,40,15,26,57,347,1.96,1.54,340
257,John Lucas III (TOR),63,827,129,334,38.60%,57,151,37.70%,18,25,72.00%,8,57,65,105,23,1,26,50,333,4.04,0.89,289
257,Thomas Robinson (HOU),70,1056,138,321,43.00%,0,1,0.00%,57,109,52.30%,122,193,315,46,41,26,88,124,333,0.52,0.47,438
259,Sebastian Telfair (TOR),59,980,112,309,36.20%,53,150,35.30%,54,69,78.30%,13,71,84,153,37,11,64,104,331,2.39,0.58,340
260,Kendrick Perkins (OKC),78,1954,143,313,45.70%,0,1,0.00%,44,72,61.10%,110,356,466,111,43,83,109,227,330,1.02,0.39,726
260,Kevin Love (MIN),18,618,105,298,35.20%,20,92,21.70%,100,142,70.40%,64,188,252,42,13,9,39,34,330,1.08,0.33,372
260,Lamar Odom (LAC),82,1616,146,366,39.90%,18,90,20.00%,20,42,47.60%,117,363,480,142,69,58,86,214,330,1.65,0.8,751
263,DeJuan Blair (SAS),61,851,142,271,52.40%,0,1,0.00%,44,70,62.90%,66,164,230,45,37,10,49,112,328,0.92,0.76,446
264,Steve Blake (LAL),45,1175,114,270,42.20%,72,171,42.10%,27,35,77.10%,21,111,132,173,34,6,62,83,327,2.79,0.55,446
265,Marquis Daniels (MIL),59,1085,132,351,37.60%,20,72,27.80%,40,54,74.10%,48,102,150,65,51,10,45,77,324,1.44,1.13,322
266,Ekpe Udoh (MIL),76,1312,117,269,43.50%,0,1,0.00%,89,119,74.80%,113,138,251,43,39,85,43,139,323,1,0.91,516
267,Francisco Garcia (HOU),58,1029,118,300,39.30%,67,179,37.40%,18,21,85.70%,8,83,91,63,46,38,32,88,321,1.97,1.44,342
268,Samuel Dalembert (MIL),47,765,137,253,54.20%,1,1,100.00%,38,55,69.10%,105,171,276,21,17,53,51,90,313,0.41,0.33,496
269,Keith Bogans (BKN),74,1408,108,284,38.00%,84,245,34.30%,11,17,64.70%,16,104,120,76,28,4,49,108,311,1.55,0.57,308
270,Greg Stiemsma (MIN),76,1209,127,278,45.70%,0,0,0.00%,53,69,76.80%,61,200,261,30,44,90,59,184,307,0.51,0.75,506
271,Zaza Pachulia (ATL),52,1134,114,241,47.30%,0,3,0.00%,78,103,75.70%,132,204,336,79,35,12,70,128,306,1.13,0.5,546
272,Iman Shumpert (NYK),45,996,109,275,39.60%,51,127,40.20%,36,47,76.60%,31,105,136,75,43,7,37,99,305,2.03,1.16,352
273,Will Barton (POR),73,894,118,309,38.20%,9,65,13.80%,50,65,76.90%,36,109,145,58,34,9,60,56,295,0.97,0.57,275
274,Patty Mills (SAS),58,656,113,241,46.90%,52,130,40.00%,16,19,84.20%,9,41,50,62,26,4,39,55,294,1.59,0.67,266
275,Eric Maynor (POR),64,963,106,281,37.70%,34,96,35.40%,45,62,72.60%,9,37,46,182,22,1,79,55,291,2.3,0.28,271
276,Udonis Haslem (MIA),75,1414,129,251,51.40%,0,0,0.00%,32,45,71.10%,97,307,404,38,30,15,45,173,290,0.84,0.67,597
277,Matt Bonner (SAS),68,909,112,230,48.70%,53,120,44.20%,11,15,73.30%,25,104,129,36,17,19,16,86,288,2.25,1.06,351
278,Rashard Lewis (MIA),55,792,103,249,41.40%,51,131,38.90%,28,45,62.20%,19,102,121,30,21,14,33,67,285,0.91,0.64,275
279,DeShawn Stevenson (ATL),56,1158,98,262,37.40%,76,209,36.40%,12,23,52.20%,18,104,122,52,29,6,23,69,284,2.26,1.26,295
280,Mike Miller (MIA),59,900,100,231,43.30%,73,175,41.70%,8,11,72.70%,18,139,157,99,21,4,35,63,281,2.83,0.6,393
281,James Johnson (SAC),54,878,117,283,41.30%,2,21,9.50%,40,67,59.70%,49,96,145,58,41,50,68,99,276,0.85,0.6,309
281,Nando De Colo (SAS),72,920,105,241,43.60%,31,82,37.80%,35,44,79.50%,23,115,138,138,41,6,81,87,276,1.7,0.51,373
283,Pablo Prigioni (NYK),78,1263,100,220,45.50%,53,134,39.60%,22,25,88.00%,41,102,143,236,69,2,86,127,275,2.74,0.8,516
284,Mike James (DAL),45,862,101,271,37.30%,48,125,38.40%,23,29,79.30%,9,63,72,139,26,3,55,95,273,2.53,0.47,282
285,Cartier Martin (WAS),41,694,96,252,38.10%,58,146,39.70%,20,28,71.40%,11,89,100,20,19,6,32,58,270,0.63,0.59,219
285,Jared Sullinger (BOS),45,892,111,225,49.30%,1,5,20.00%,47,63,74.60%,92,172,264,35,22,22,29,154,270,1.21,0.76,454
288,Dahntay Jones (ATL),78,1017,82,222,36.90%,11,49,22.40%,87,113,77.00%,24,77,101,48,22,6,38,119,262,1.26,0.58,235
288,Garrett Temple (WAS),51,1156,105,258,40.70%,26,80,32.50%,26,37,70.30%,29,94,123,115,50,17,61,94,262,1.89,0.82,342
290,Chris Wilcox (BOS),61,830,110,153,71.90%,0,1,0.00%,39,58,67.20%,55,125,180,22,32,28,34,125,259,0.65,0.94,425
291,Trevor Booker (WAS),48,887,108,220,49.10%,0,5,0.00%,40,72,55.60%,98,141,239,40,32,16,31,95,256,1.29,1.03,408
292,Anthony Tolliver (ATL),62,963,82,216,38.00%,45,133,33.80%,44,51,86.30%,31,124,155,32,15,12,36,66,253,0.89,0.42,290
293,Daniel Gibson (CLE),46,919,84,247,34.00%,56,163,34.40%,26,37,70.30%,5,55,60,82,30,4,31,89,250,2.65,0.97,221
293,Donatas Motiejunas (HOU),44,538,97,213,45.50%,24,83,28.90%,32,51,62.70%,36,57,93,31,7,10,37,73,250,0.84,0.19,219
295,Austin Daye (MEM),55,676,90,208,43.30%,41,98,41.80%,26,34,76.50%,16,107,123,42,14,22,29,82,247,1.45,0.48,293
296,Luke Babbitt (POR),62,730,86,234,36.80%,62,178,34.80%,10,13,76.90%,15,122,137,29,14,5,22,82,244,1.32,0.64,256
297,Landry Fields (TOR),51,1037,102,223,45.70%,2,14,14.30%,34,53,64.20%,59,149,208,60,32,8,42,63,240,1.43,0.76,366
298,DeQuan Jones (ORL),63,803,95,218,43.60%,9,35,25.70%,34,51,66.70%,17,88,105,16,19,22,30,55,233,0.53,0.63,225
299,Kyle O'Quinn (ORL),57,638,101,197,51.30%,0,1,0.00%,30,45,66.70%,65,144,209,52,11,26,37,107,232,1.41,0.3,382
300,Chris Singleton (WAS),57,924,92,241,38.20%,7,36,19.40%,40,70,57.10%,51,133,184,37,38,24,45,124,231,0.82,0.84,290
301,Jamaal Tinsley (UTA),66,1221,86,234,36.80%,39,127,30.70%,18,26,69.20%,17,98,115,290,64,14,106,106,229,2.74,0.6,450
302,Patrick Beverley (HOU),41,713,79,189,41.80%,36,96,37.50%,34,41,82.90%,45,64,109,117,37,21,44,83,228,2.66,0.84,351
